issn_l,citescore_analogo
0003-6951,3.57
0003-2700,6.14
0006-291X,2.29
0002-9378,1.68
0006-2960,2.3
0003-3022,2.38
0003-2697,3.07
0002-9505,0.83
0002-8614,2.24
0002-1962,1.61
0003-9993,0.71
0002-9637,1.5
0001-1541,3.45
0001-6489,0.78
0005-2736,2.28
0003-4916,2.31
0001-5172,1.73
0004-282X,0.19
0001-6314,0.52
0003-9969,2.02
0003-2719,1.94
0003-4746,1.35
0002-9440,3.14
0003-682X,4.49
0003-3197,1.43
0001-706X,2.26
0003-9985,2.23
0003-4983,0.0
0001-2815,0.0
0001-3765,1.15
0004-2749,0.6
0005-7959,0.67
0006-3088,1.62
0001-5547,0.97
0002-5232,0.21
0004-2730,0.0
0002-7014,0.74
0004-2803,1.04
0004-2773,0.06
0002-5216,0.08
0006-4971,1.18
0009-7322,1.93
0006-3495,0.42
0009-2614,2.56
0006-8993,2.9
0013-4651,3.36
0013-4686,4.47
0009-2673,3.03
0009-7330,4.62
0008-6223,10.71
0007-1048,2.39
0007-0920,5.91
0007-1188,4.23
0011-183X,2.13
0009-9236,3.32
0012-1622,1.5
0010-938X,9.72
0007-1145,1.98
0008-6363,4.05
0009-2541,2.85
0008-8749,2.7
0008-4166,2.36
0008-4034,2.04
0010-4825,6.98
0008-4212,1.98
0009-9120,1.65
0009-2797,4.4
0006-341X,1.26
0009-9163,1.79
0010-3624,2.44
0009-9104,3.56
0006-3185,0.3
0009-3084,1.96
0008-6312,1.21
0008-3984,0.97
0007-070X,3.32
0007-196X,0.54
0009-6725,0.17
0010-5236,0.24
0006-6079,0.3
0021-8979,2.68
0021-8995,2.44
0021-8561,5.56
0021-8812,0.73
0016-2361,6.69
0014-2999,3.99
0019-9567,3.44
0020-1693,2.88
0018-8158,1.93
0013-9351,7.2
0018-9545,4.34
0016-5751,0.31
0014-2980,2.95
0020-1383,1.75
0015-0193,1.26
0020-7608,2.67
0013-9580,4.03
0020-1324,1.2
0019-5456,0.84
0016-6480,1.73
0014-2336,1.56
0017-8748,3.03
0021-8944,0.53
0014-4894,1.47
0021-891X,3.24
0020-7519,2.08
0019-2805,3.56
0021-9045,0.67
0018-9391,5.86
0021-8782,1.69
0021-7557,2.27
0020-7128,2.99
0014-4800,3.1
0014-3065,3.35
0018-2214,0.0
0019-8366,0.95
0015-3826,0.27
0020-3653,0.25
0015-5683,1.75
0020-8868,0.1
0022-5347,0.31
0021-9606,3.81
0022-1767,0.65
0021-9584,2.84
0021-972X,4.82
0021-9797,9.84
0022-2860,4.82
0022-2461,3.69
0022-0248,2.15
0022-510X,0.81
0023-852X,1.56
0022-3468,1.55
0022-247X,1.02
0022-3093,3.24
0022-3166,2.51
0022-1147,3.4
0022-1007,9.03
0021-9967,1.82
0022-3697,5.36
0022-2313,3.42
0023-6438,6.17
0022-0957,5.29
0022-3573,2.98
0022-1112,1.49
0022-4766,1.19
0022-1139,0.95
0022-4715,1.34
0022-2291,1.64
0022-2615,2.72
0023-6837,0.26
0021-9975,0.3
0022-2631,1.96
0022-2933,0.66
0022-0299,0.84
0022-4197,1.91
0022-1511,0.76
0022-0426,0.82
0022-2895,0.9
0022-0175,3.41
0022-4707,0.89
0027-8424,7.66
0028-3878,1.37
0032-1052,1.42
0025-7974,1.72
0031-3998,2.21
0024-3205,5.65
0032-0889,5.69
0028-1042,1.39
0031-5125,2.11
0032-0943,0.5
0031-6768,4.41
0026-265X,4.11
0032-5910,4.27
0031-9023,2.71
0031-9384,2.04
0024-3795,0.71
0026-3672,4.98
0029-5981,2.66
0031-0182,2.09
0026-0495,7.94
0025-5718,1.71
0025-3162,2.04
0031-9406,0.45
0031-1820,1.58
0034-5288,1.58
0028-3940,2.06
0031-9120,0.9
0024-4066,1.43
0028-3886,0.52
0024-4074,1.54
0030-6665,1.31
0034-6659,1.26
0033-2933,1.04
0024-1164,1.34
0025-6501,0.07
0034-7094,0.0
0031-0239,1.77
0028-3843,1.52
0031-2983,1.6
0026-4970,0.0
0036-8075,18.57
0039-2499,1.58
0040-6090,2.43
0038-1098,3.09
0039-6028,2.11
0039-9140,6.05
0042-6822,2.53
0041-1345,0.82
0041-0101,1.47
0035-9203,1.58
0041-1132,1.45
0041-008X,2.82
0034-8007,0.1
0039-128X,2.35
0034-7167,0.57
0037-0738,2.44
0037-8682,1.39
0034-8910,1.72
0040-8166,2.28
0042-9686,3.3
0036-4665,1.18
0034-8309,0.36
0036-5599,0.0
0034-9240,0.36
0034-8554,0.06
0035-001X,0.66
0034-7116,0.53
0042-3955,0.14
0034-737X,0.45
0034-7612,0.48
0034-7183,0.25
0034-7280,0.26
0034-7299,0.0
0034-9690,0.38
0034-7108,0.0
0038-2337,0.24
0034-740X,0.25
0034-7140,0.06
0034-7272,0.0
0041-8781,0.0
0094-243X,0.44
0048-9697,10.21
0077-8923,3.18
0090-3493,0.99
0091-6749,1.6
0090-4295,0.95
0043-1354,11.47
0092-8674,36.42
0085-2538,11.91
0090-0036,2.25
0043-1648,5.19
0093-691X,2.36
0090-6778,4.38
0049-6979,3.16
0091-3057,2.52
0046-8177,1.97
0046-225X,1.62
0045-2068,4.05
0048-5772,3.06
0074-0276,1.58
0049-4747,1.5
0066-782X,0.93
0091-2751,0.93
0090-6964,2.39
0045-7906,6.44
0049-8254,1.54
0072-1050,1.63
0080-6234,0.49
0093-7355,1.08
0090-1229,0.0
0090-5550,0.94
0073-9855,0.11
0076-6046,0.1
0065-1737,0.3
0047-2085,0.29
0045-6888,0.73
0071-1276,0.0
0073-4721,0.9
0046-9939,0.65
0073-4705,1.33
0098-7484,7.96
0095-1137,3.8
0099-2399,3.11
0098-1354,4.47
0095-8972,1.69
0100-204X,0.54
0100-4042,0.3
0098-6445,2.09
0098-5589,5.28
0098-9886,1.26
0095-3628,3.8
0100-879X,1.7
0101-2061,0.66
0100-0683,1.41
0094-5145,1.49
0100-7203,1.67
0100-736X,0.65
0100-6991,0.57
0100-3984,0.7
0100-5502,0.41
0100-8307,0.28
0100-6916,1.13
0100-8358,0.0
0100-0233,0.2
0100-8404,1.6
0101-3173,0.56
0101-2800,0.56
0100-0888,0.05
0100-5405,0.03
0100-4670,0.73
0101-3289,0.27
0100-316X,1.06
0101-2657,0.09
0101-3335,0.04
0100-3283,0.12
0101-1812,0.1
0100-0039,0.0
0100-3674,0.38
0100-7467,0.0
0100-7912,0.02
0102-311X,1.41
0102-0935,0.53
0102-0536,0.98
0102-3616,0.33
0102-3306,0.91
0101-9759,0.46
0102-3772,0.22
0101-7330,0.64
0102-4698,0.53
0102-5716,0.16
0101-9031,0.21
0102-4450,0.19
0102-5473,0.09
0102-0188,0.16
0102-4809,0.09
0101-7136,0.26
0101-4714,0.03
0102-4175,0.05
0101-9074,0.06
0101-4846,0.08
0101-708X,0.24
0101-7438,0.69
0102-3098,0.48
0102-5430,0.12
0102-5767,0.4
0101-7004,0.24
0101-5001,0.0
0101-8841,0.04
0101-9880,0.0
0102-2717,0.17
0101-465X,0.15
0102-3527,0.02
0102-3586,0.0
0102-4442,0.02
0101-4838,0.0
0101-8108,0.0
0102-6437,0.0
0102-3888,0.07
0101-8701,0.12
0102-1222,0.07
0103-5053,0.76
0102-7638,1.11
0103-2100,0.5
0102-8650,1.33
0103-1104,0.73
0103-4014,0.75
0102-6933,0.53
0103-0582,1.26
0102-7972,2.39
0102-7182,0.08
0102-6720,1.17
0103-1570,0.43
0103-166X,0.49
0103-507X,0.0
0102-6801,0.04
0103-2003,0.73
0103-5118,0.03
0103-1643,0.0
0103-4111,0.13
0103-1716,0.06
0102-9169,0.03
0102-8030,0.93
0103-3638,0.1
0103-1813,0.34
0102-7735,0.03
0102-8758,0.09
0102-6712,0.83
0103-183X,0.0
0103-1538,0.13
0102-7077,0.1
0103-2178,0.11
0103-3948,0.0
0103-4332,0.02
0102-8308,0.18
0103-3123,0.6
0102-8464,0.16
0103-0620,0.0
0103-1090,0.11
0103-4065,0.11
0103-409X,0.0
0103-8478,0.55
0104-1169,0.66
0103-9733,2.21
0104-0707,0.55
0103-9016,0.88
0104-1290,0.59
0103-9954,0.74
0103-5355,0.3
0103-6440,1.51
0104-1428,1.24
0103-7331,0.54
0103-846X,1.28
0104-0014,1.09
0103-7013,0.17
0104-3552,0.27
0104-1282,0.74
0103-7307,0.14
0103-6564,0.36
0103-5150,0.44
0103-6513,1.53
0103-863X,0.48
0104-1010,0.0
0104-0588,0.14
0103-636X,0.44
0103-6971,0.15
0103-6122,0.24
0103-7706,0.11
0104-0618,0.51
0104-236X,0.11
0103-5371,0.1
0104-3293,0.22
0104-1037,0.05
0103-8842,0.06
0104-1886,0.0
0104-2777,0.07
0103-5665,0.0
0103-8699,0.11
0103-8486,0.18
0104-3463,0.0
0103-7978,0.17
0109-5641,2.21
0104-4230,1.27
0105-2896,9.09
0112-1642,7.96
0105-6263,0.0
0120-4157,0.79
0104-5970,0.16
0120-8322,0.46
0104-4060,0.25
0104-6632,1.43
0104-3579,0.08
0120-0488,0.27
0120-5307,1.53
0104-754X,0.28
0104-7809,0.12
0120-0534,0.88
0104-530X,0.7
0104-6829,0.12
0104-7795,0.03
0104-7043,0.17
0120-2812,0.96
0104-8740,0.05
0104-4036,0.69
0120-0011,2.03
0104-8481,0.05
0104-8775,0.04
0104-5962,0.17
0104-3757,0.12
0104-639X,0.1
0104-9712,0.17
0104-9224,0.91
0121-215X,1.08
0104-8929,0.02
0120-9965,1.33
0104-6497,0.65
0104-4931,0.0
0104-6330,0.0
0104-4486,0.0
0104-6578,0.33
0104-7841,0.03
0140-6736,18.01
0146-0404,3.23
0141-8130,7.79
0146-9592,2.98
0148-396X,0.84
0161-6420,3.2
0161-8105,0.62
0160-5682,2.08
0144-8420,0.91
0147-8389,1.0
0148-7299,0.0
0143-4004,0.96
0162-0134,2.34
0145-482X,0.6
0143-005X,2.55
0143-5221,4.31
0144-3615,1.78
0140-0118,3.18
0145-2134,2.9
0148-6071,2.11
0143-2885,3.95
0137-5881,2.54
0143-7496,3.7
0129-1831,1.0
0145-8876,2.48
0148-5598,7.33
0147-9563,1.72
0161-2840,1.72
0161-813X,2.61
0141-9838,0.88
0161-4754,0.46
0145-5680,1.79
0129-167X,0.52
0149-6085,2.52
0149-0451,2.54
0162-3109,0.0
0162-2889,2.14
0139-3006,0.68
0124-0064,1.56
0121-4500,0.89
0169-4332,5.68
0168-8278,1.92
0167-577X,2.42
0167-5273,2.16
0167-7322,5.69
0163-2116,1.6
0165-0327,4.27
0167-6369,3.77
0168-3659,9.39
0166-4328,2.61
0168-1656,3.46
0165-1781,4.07
0166-1280,0.0
0165-5876,1.25
0170-0839,3.77
0165-2478,2.53
0165-0114,2.38
0165-0270,2.59
0163-4984,3.16
0166-8641,0.38
0167-594X,2.59
0168-1702,3.36
0172-0643,1.05
0165-2370,6.26
0166-445X,4.09
0167-7012,1.6
0167-1987,6.58
0172-4622,4.88
0167-4943,4.07
0171-2985,1.64
0172-2190,2.54
0167-9899,0.0
0165-7380,1.59
0169-8141,3.17
0166-4972,7.7
0175-7571,1.29
0165-1838,0.0
0165-2125,2.25
0167-8396,1.59
0165-0521,0.56
0195-9131,0.4
0255-5476,2.25
0195-668X,2.48
0190-9622,1.05
0254-0584,5.06
0194-911X,2.89
0196-8904,10.87
0175-7598,6.19
0223-5234,5.44
0198-8859,0.91
0196-6553,1.01
0217-9792,2.09
0217-751X,1.12
0195-6663,3.45
0217-7323,1.31
0195-6701,2.3
0192-8651,2.49
0192-0790,1.81
0256-7040,1.09
0254-6299,2.86
0254-5330,3.28
0250-7005,1.4
0197-4572,1.97
0250-4707,2.01
0213-9111,0.27
0250-6807,1.85
0179-1613,0.87
0190-6011,3.95
0195-6671,1.48
0251-5350,2.4
0191-3123,1.04
0187-893X,0.57
0212-4521,0.74
0219-1997,0.85
0211-5638,0.09
0189-6725,0.78
0188-8145,1.34
0254-9247,0.39
0185-3325,0.74
0212-8799,0.24
0272-9172,0.0
0272-8842,5.34
0263-6352,0.52
0257-8972,6.43
0268-3768,3.56
0273-1223,3.58
0278-2391,0.85
0268-1161,1.39
0277-5387,2.37
0295-5075,1.94
0263-8762,6.78
0278-6915,2.65
0261-5614,5.15
0264-1275,5.36
0300-5771,4.25
0266-4356,0.44
0300-0664,1.87
0260-8774,4.96
0275-004X,1.34
0268-3369,2.88
0273-2289,2.7
0268-2575,2.91
0278-4297,1.25
0268-2605,4.5
0264-0414,3.01
0278-5846,3.42
0300-8126,3.65
0264-2751,6.07
0266-8254,1.93
0271-3683,1.54
0271-5333,3.05
0300-5577,1.48
0268-8921,2.32
0263-2136,1.48
0270-1367,1.45
0272-4634,1.27
0278-0240,1.0
0279-5442,0.97
0267-8179,1.62
0260-7476,1.83
0302-9743,1.42
0305-1048,14.21
0304-8853,2.54
0304-3940,1.82
0306-4522,2.5
0301-0104,2.44
0302-766X,2.48
0301-2115,1.33
0304-4165,2.69
0306-5251,2.05
0301-4851,3.08
0300-8177,3.93
0300-9084,2.77
0304-4017,2.28
0303-7207,3.25
0306-8919,4.48
0303-8467,1.84
0306-3674,5.4
0309-0167,2.72
0309-1740,5.43
0303-6979,4.64
0300-9475,1.59
0305-1870,1.74
0300-8584,2.39
0300-8916,0.93
0301-472X,0.69
0301-486X,2.77
0305-0270,2.07
0308-521X,5.14
0306-4565,2.56
0301-4460,1.93
0302-282X,2.77
0304-419X,6.52
0309-524X,1.88
0300-9831,1.48
0301-0406,0.15
0303-7657,0.44
0306-5456,0.0
0304-2847,1.35
0304-2685,0.13
0370-2693,4.08
0361-1981,1.68
0370-1972,1.72
0340-6245,2.83
0363-6135,2.85
0340-5354,4.15
0340-6199,2.32
0364-5134,4.52
0363-6119,1.81
0344-0338,4.04
0362-2525,1.11
0343-8651,2.25
0344-5704,2.04
0341-2695,2.33
0367-326X,2.19
0315-162X,0.98
0340-7004,4.96
0334-018X,0.86
0340-0131,2.72
0344-5607,1.77
0365-0596,1.54
0363-3624,1.1
0360-3997,4.6
0370-4106,0.0
0370-4661,0.39
0342-5282,1.1
0360-1234,1.72
0340-2096,0.83
0363-0269,0.7
0363-0242,1.61
0361-7734,1.84
0360-2532,3.95
0361-6525,1.05
0361-073X,1.1
0311-5518,1.94
0327-9545,1.55
0326-7091,0.06
0328-820X,0.02
0352-9568,1.62
0366-0567,0.0
0375-9601,2.67
0378-7753,7.07
0378-1097,1.6
0378-4371,2.73
0378-1119,2.7
0378-5173,5.92
0378-8741,4.86
0377-0427,1.77
0587-4246,0.66
0378-7796,4.12
0378-5122,2.02
0377-0486,1.63
0390-6078,1.59
0377-8401,2.31
0378-3782,1.88
0531-5565,3.59
0378-4320,1.82
0378-1909,1.34
0378-7346,2.03
0390-6663,0.96
0482-5004,0.0
0370-6583,0.59
0378-1844,0.11
0717-3458,3.16
0716-1549,0.29
0392-2936,0.32
0440-6605,0.73
0560-4613,0.33
0511-9618,0.87
0391-2078,2.69
0390-5616,0.97
0576-9787,1.23
0394-6169,0.81
0717-6945,0.69
0717-2079,0.33
0717-6767,0.0
0394-6975,0.42
0375-0183,0.69
0716-4491,0.05
0425-4082,0.04
0732-183X,1.43
0849-6757,0.0
0735-1097,1.0
0743-7463,4.19
0753-3322,7.62
0721-832X,2.12
0731-7085,3.11
0832-610X,2.24
0737-0806,0.63
0770-3198,1.83
0724-8741,3.27
0767-0974,0.36
0739-1102,2.46
0737-4038,7.71
0732-8893,1.66
0733-9372,1.43
0737-3937,2.82
0735-0414,1.75
0785-3890,3.48
0722-4060,1.32
0717-9367,0.42
0736-2935,0.17
0742-0528,1.95
0721-7595,3.47
0730-4625,0.71
0733-9496,2.03
0765-1597,0.57
0748-1187,1.55
0733-4648,1.5
0739-9332,1.19
0778-7367,2.67
0738-0151,0.82
0792-4259,0.58
0718-560X,0.94
0736-5829,1.33
0720-213X,0.73
0860-021X,2.95
0718-0306,0.0
0718-7475,0.0
0870-1741,0.08
0892-6638,2.83
0888-5885,3.73
0885-8993,4.59
0884-1616,2.42
0885-3924,0.8
0885-8977,3.32
0888-7543,2.96
0887-3585,1.88
0894-9115,1.4
0882-4010,3.33
0889-2229,1.2
0883-9441,1.51
0886-022X,3.45
0893-3952,6.42
0895-9811,1.51
0897-3806,1.92
0891-4222,2.7
0873-2159,0.0
0894-1130,0.98
0885-0666,1.9
0891-6934,4.12
0891-5520,2.64
0891-2963,1.22
0885-8624,4.17
0870-2551,0.84
0897-1897,2.09
0882-0139,2.1
0892-7014,2.12
0887-7963,1.62
0882-8245,1.48
0895-2779,1.5
0887-2171,1.15
0899-0220,0.61
0874-0283,0.27
0885-1158,0.87
0871-4657,0.1
0874-2049,0.44
0871-9187,0.63
0871-018X,0.0
0873-1152,0.17
0925-8388,5.46
0923-7534,1.35
0921-4526,3.5
0925-4005,7.48
0927-7757,5.04
0921-4534,1.52
0930-2794,2.78
0926-9959,2.95
0926-6690,5.97
0926-860X,3.16
0925-3467,5.13
0920-5861,5.06
0921-5107,4.97
0927-7765,4.66
0927-0256,3.57
0924-8579,3.65
0928-0987,3.85
0925-5273,8.54
0930-7516,1.65
0929-8673,2.49
0905-7161,3.2
0899-9007,2.34
0928-0707,4.35
0902-0063,1.42
0921-4488,1.47
0920-4741,5.02
0930-1038,1.78
0904-2512,1.4
0915-5287,0.76
0909-8836,1.24
0920-1742,2.62
0920-5063,3.32
0925-1022,1.11
0921-9668,3.09
0928-4680,2.99
0925-4692,4.3
0926-7220,3.58
0906-6691,1.54
0914-7470,2.15
0929-6441,0.44
0944-1344,5.39
0950-0618,8.55
0953-8984,2.16
0946-2716,4.19
0932-0067,2.71
0945-6317,2.07
0950-1991,3.37
0953-816X,2.38
0932-0113,2.21
0951-4198,1.59
0931-041X,1.94
0941-4355,1.73
0950-5423,4.24
0954-6111,1.97
0953-2048,2.98
0944-7113,7.85
0933-7407,3.22
0954-4062,1.59
0952-8369,1.42
0954-3899,2.35
0937-3462,1.39
0948-6143,2.49
0947-7349,1.6
0948-5023,3.11
0954-0121,1.1
0939-4753,2.7
0951-3590,2.32
0931-2048,1.27
0939-4451,4.28
0954-6928,1.24
0952-3871,1.93
0946-672X,3.53
0943-1853,1.23
0931-2250,2.54
0953-7287,5.95
0952-8091,0.16
0931-2668,1.51
0954-0261,2.4
0954-0105,5.46
0944-2006,1.33
0959-6526,11.69
0959-8049,2.36
0960-894X,1.89
0957-4174,6.5
0960-1481,8.58
0960-0779,5.3
0966-6362,1.26
0956-7135,6.25
0960-8923,2.47
0962-1067,2.94
0962-8436,9.08
0963-8288,1.82
0961-9534,4.6
0959-3330,1.75
0959-8103,2.17
0961-2033,1.76
0957-4530,2.92
0960-3115,2.85
0958-0670,2.26
0962-9351,1.95
0963-7486,3.52
0960-8931,1.74
0962-1105,2.95
0959-4973,1.81
0960-3271,2.85
0965-1748,2.6
0965-2299,3.1
0961-5423,0.68
0964-3397,3.1
0959-8278,2.31
0958-7578,0.78
0959-3985,1.28
0960-3123,1.77
0959-9851,2.34
0958-2592,1.21
0959-3543,1.69
0962-8827,0.43
0959-9673,1.21
0959-2709,2.23
0966-7903,0.89
1022-6680,4.61
1029-8479,5.13
1007-9327,3.66
0968-0896,2.61
1010-6030,3.65
1026-8022,1.44
0967-5868,1.43
1040-0397,2.09
0981-9428,5.0
1023-3830,4.42
0969-2126,4.21
1040-8428,5.01
0973-1482,1.26
0968-0160,1.58
1040-6387,1.18
0967-3334,2.53
1020-4989,1.53
0967-6120,3.08
1027-3719,1.31
1021-7770,12.58
1040-7278,4.07
1015-1621,2.28
0997-7546,1.82
1022-6508,0.92
1024-5332,1.71
1023-6198,0.96
0971-9202,0.39
0972-1525,2.1
1036-1073,1.71
0972-124X,0.61
0969-997X,1.26
0971-7196,1.02
1015-2008,1.12
1008-9969,0.0
0972-9062,0.99
1040-841X,6.41
1026-7999,1.3
1011-2251,0.26
1011-484X,0.31
0974-0333,1.55
1064-3745,1.08
1058-4838,5.01
1046-6673,0.4
1048-891X,0.49
1068-9265,1.57
1059-9495,1.68
1043-6618,9.92
1043-4666,3.1
1064-8011,1.99
1071-3581,1.39
1052-3057,2.59
1047-9511,0.7
1051-9815,1.06
1059-910X,2.61
1050-7256,5.59
1058-0468,2.14
1046-7408,2.32
1059-1311,2.19
1042-0533,1.48
1057-0829,2.04
1055-6656,1.15
1063-5157,5.58
1060-1325,2.14
1056-8727,2.61
1040-872X,2.37
1050-6411,2.03
1053-8127,1.22
1064-1963,3.7
1061-3773,2.8
1045-1056,2.59
1063-8652,1.06
1062-0303,0.84
1046-3976,4.35
1064-7449,1.0
1054-7738,1.55
1066-9817,1.43
1064-1955,2.8
1061-3749,0.46
1055-4181,1.13
1064-9506,1.14
1091-8213,0.09
1098-0121,0.0
1101-1262,0.38
1099-0682,1.56
1089-7798,2.92
1096-7192,0.6
1082-0132,1.2
1095-6433,2.11
1097-0339,0.75
1120-8694,0.54
1120-6721,1.12
1094-7159,0.44
1072-3714,2.48
1089-9472,0.91
1096-4959,2.22
1082-6084,1.15
1076-1608,0.98
1092-7875,1.43
1099-0062,0.0
1093-3263,2.26
1084-9521,4.13
1094-2912,3.82
1076-1551,7.21
1079-9907,1.51
1080-7039,1.7
1079-9796,1.73
1092-9134,1.41
1092-8758,2.06
1093-5266,0.68
1076-6294,1.28
1088-1913,3.05
1085-9489,1.58
1098-8823,3.08
1074-9357,1.83
1080-0549,7.37
1074-7931,0.98
1071-412X,0.0
1083-3196,0.68
1087-1640,1.62
1091-367X,1.05
1175-5326,0.56
1144-0546,2.5
1201-9712,2.18
1179-3155,0.52
1328-8067,0.46
1290-0729,4.63
1313-2970,1.03
1320-5358,1.27
1323-1650,1.79
1121-8428,2.07
1286-4579,3.14
1176-9106,3.1
1279-7707,4.36
1129-7298,1.38
1176-9092,3.08
1286-0115,0.55
1219-4956,3.55
1172-7047,6.43
1230-2821,1.26
1322-7114,1.82
1134-3478,2.09
1179-1411,1.34
1319-2442,0.04
1229-845X,1.64
1319-6103,5.39
1138-7416,2.32
1324-4272,1.35
1138-1728,0.27
1175-3277,3.46
1130-1406,1.56
1309-0380,0.72
1179-5549,2.57
1280-9659,0.89
1177-9322,2.47
1178-7058,1.82
1137-2729,0.07
1134-4539,0.0
1179-1543,6.17
1179-5735,2.23
1177-9314,0.0
1383-5866,8.54
1388-6150,4.04
1364-8535,6.84
1368-5031,0.85
1387-7003,5.49
1389-9457,1.06
1367-2630,2.81
1387-2877,2.63
1353-8020,1.42
1381-6128,2.48
1364-5072,2.57
1359-5113,4.96
1368-9800,2.44
1388-2481,3.86
1388-0764,3.48
1386-6532,3.12
1362-4393,1.59
1369-3786,3.48
1369-703X,3.3
1364-5021,2.26
1364-727X,2.05
1342-937X,5.34
1382-6689,3.39
1383-5718,2.29
1383-5769,1.36
1360-8592,1.39
1360-7863,2.07
1381-1177,0.0
1347-8613,2.53
1381-1991,3.43
1354-750X,2.02
1350-4622,3.42
1350-6129,3.05
1343-8786,0.25
1385-2256,6.06
1358-2267,1.43
1389-2029,5.73
1362-0436,2.65
1367-5567,4.6
1331-1441,1.47
1413-8123,0.97
1413-8670,0.14
1398-2273,1.53
1414-3283,0.74
1413-7054,1.26
1413-3555,0.62
1413-9596,0.26
1413-2478,0.33
1389-9600,2.13
1413-7852,0.52
1413-4152,0.62
1413-7895,0.06
1413-7372,0.29
1414-381X,1.06
1413-8557,0.3
1414-3984,0.39
1413-389X,0.0
1409-4258,0.98
1413-8271,0.23
1413-9936,0.73
1413-294X,1.95
1414-0543,0.91
1413-9855,0.18
1413-6538,0.5
1405-9436,0.2
1413-3482,0.41
1414-4077,0.33
1414-3518,0.11
1413-0939,0.01
1413-8638,0.25
1414-4190,0.02
1413-7321,0.08
1409-0724,0.36
1413-0416,0.05
1413-3342,0.0
1409-4568,0.5
1413-3024,0.12
1413-4063,0.19
1413-2087,0.0
1413-1498,0.06
1414-7327,0.0
1415-4366,1.26
1415-4757,1.41
1414-8536,0.28
1414-8145,0.43
1415-790X,0.87
1414-9893,0.31
1415-4714,0.09
1415-5273,0.71
1414-526X,0.67
1415-076X,0.21
1414-5731,0.09
1414-753X,0.36
1415-4676,0.06
1414-7564,0.07
1415-0980,0.73
1415-7128,0.11
1415-2177,0.0
1414-7416,0.11
1415-1928,0.05
1415-7713,0.28
1414-5138,0.11
1414-8862,1.26
1414-462X,0.6
1415-2762,0.34
1415-2843,0.13
1414-4980,1.05
1414-512X,0.16
1415-2150,0.3
1415-7314,0.12
1414-5235,0.25
1414-6312,0.05
1414-722X,0.22
1415-5796,0.0
1414-7165,0.06
1414-4425,0.46
1414-6975,1.15
1415-5893,0.14
1415-398X,0.0
1415-7977,0.0
1422-0067,5.76
1424-8220,4.49
1420-3049,5.19
1431-9276,0.59
1462-0324,1.98
1434-6044,4.64
1433-9277,0.27
1439-6319,2.35
1432-7643,1.9
1424-8247,5.14
1440-2440,1.8
1432-2234,1.79
1447-0756,1.24
1432-8488,3.1
1432-6981,3.51
1424-2818,1.92
1431-6730,2.28
1444-1586,1.63
1436-6207,3.43
1442-9985,1.12
1432-8917,2.05
1420-4096,1.67
1438-4639,3.28
1438-793X,3.39
1415-8876,0.56
1415-8264,0.31
1447-073X,1.24
1415-9805,0.23
1415-8426,0.18
1415-8167,0.05
1415-8175,0.12
1415-9945,0.04
1415-9104,0.06
1450-104X,1.21
1415-9848,0.33
1435-5930,2.84
1432-4385,1.47
1415-837X,0.0
1415-8973,0.2
1450-5959,0.38
1463-9076,3.2
1471-2458,4.08
1464-780X,6.49
1471-2407,3.47
1471-2164,3.92
1472-6963,3.36
1471-2334,2.7
1470-1626,3.36
1471-2474,2.62
1476-4954,1.56
1473-3099,10.72
1471-2393,2.56
1471-2431,2.14
1471-2180,3.73
1473-2130,2.66
1471-2369,2.48
1473-0502,0.68
1476-511X,6.89
1467-3037,3.8
1474-5151,1.5
1471-4922,3.04
1477-7525,2.94
1473-7140,2.44
1462-2416,1.44
1472-9792,2.06
1476-9271,2.68
1467-3010,2.85
1476-4431,0.92
1472-684X,3.38
1466-853X,1.86
1477-7835,4.03
1473-3145,1.59
1464-7141,4.23
1466-0970,0.79
1476-3141,1.58
1474-8185,1.93
1471-2172,2.84
1476-4172,1.21
1476-0711,5.84
1472-8923,0.18
1477-9226,3.08
1513-7368,1.56
1516-6600,0.19
1516-1439,1.0
1516-8913,1.4
1516-4446,0.84
1477-9072,1.77
1516-1846,0.13
1516-3180,0.93
1516-3725,0.6
1516-8484,0.0
1516-7313,0.33
1516-7275,1.9
1514-3465,0.15
1516-3210,0.09
1516-4136,0.29
1516-4896,0.5
1516-2168,0.22
1516-5388,0.19
1516-7704,0.67
1516-4381,0.32
1516-3083,0.02
1516-3687,0.24
1516-1498,0.26
1516-8034,0.0
1516-084X,0.27
1516-3717,0.0
1479-389X,0.34
1516-0858,0.2
1516-0939,0.53
1516-8182,0.17
1514-0105,0.09
1516-2567,0.1
1516-3091,0.02
1516-2664,0.17
1516-0785,0.08
1516-4020,0.05
1516-1579,0.07
1516-7356,0.0
1516-5477,0.11
1517-8382,2.14
1517-7076,1.62
1517-8692,18.0
1518-1634,0.49
1517-3852,0.48
1517-9702,0.38
1517-1949,0.13
1518-1944,0.35
1517-0276,0.0
1517-0306,0.16
1517-6398,0.77
1517-106X,0.04
1517-2473,0.2
1517-5545,0.14
1517-6312,0.07
1517-9869,0.04
1517-7874,0.0
1517-9699,0.04
1517-1256,0.14
1518-2002,0.16
1517-1000,0.22
1517-395X,0.15
1517-1108,0.03
1516-9375,0.0
1517-591X,0.0
1517-4492,0.09
1517-9443,0.0
1518-2886,0.06
1517-0241,0.06
1516-9286,0.02
1517-6770,0.0
1518-2851,0.1
1517-3941,0.15
1517-6096,0.13
1517-1914,0.0
1518-1243,0.06
1517-848X,0.22
1517-7947,0.17
1517-4689,0.04
1517-8048,0.71
1519-6984,0.82
1519-566X,1.63
1518-9740,0.09
1518-5370,0.1
1519-0501,0.55
1518-3483,0.08
1519-3829,0.33
1518-7853,0.57
1518-5648,0.07
1519-1125,0.19
1519-1540,0.49
1519-6089,0.36
1518-5192,0.07
1519-387X,0.06
1519-3322,0.11
1518-7632,0.34
1518-367X,0.6
1519-5902,0.26
1519-4183,0.05
1518-7934,0.13
1518-6369,0.14
1519-6569,0.02
1518-7640,0.12
1518-8795,0.38
1518-4684,0.04
1519-0919,0.05
1519-3993,0.1
1519-275X,0.06
1519-7611,0.14
1519-5392,0.12
1519-1397,0.27
1519-6240,0.0
1519-4906,0.64
1519-3640,0.18
1518-9325,0.2
1518-8221,0.1
1519-2512,0.0
1519-5287,0.15
1518-9341,0.03
1518-3408,0.0
1520-5207,3.1
1535-3699,2.15
1522-1601,2.81
1530-437X,3.56
1539-3755,0.0
1533-4880,0.0
1536-1276,7.07
1522-1946,0.89
1537-744X,3.06
1525-4135,2.17
1525-5050,2.36
1525-8610,1.73
1526-498X,2.9
1521-6616,2.49
1520-4081,2.62
1522-7235,2.65
1532-0456,2.9
1520-9512,1.88
1524-1602,1.19
1527-7941,1.19
1524-9557,2.03
1526-8209,2.11
1524-9042,1.17
1536-7290,2.62
1525-1578,2.65
1530-3667,1.49
1526-954X,1.33
1523-3804,5.93
1532-2998,2.63
1524-8380,4.73
1536-2310,2.39
1538-9472,0.68
1536-1365,2.16
1519-8928,1.18
1519-7778,0.07
1519-7859,0.0
1519-874X,0.37
1519-8421,0.0
1519-9894,0.07
1519-955X,0.23
1556-5068,0.21
1552-5260,1.65
1547-5271,0.99
1552-4825,1.19
1553-7366,4.81
1545-5009,1.35
1549-9618,4.8
1550-7289,0.68
1549-9596,4.51
1556-7036,2.19
1559-047X,0.43
1555-9475,1.29
1554-8929,3.32
1552-5430,0.16
1548-0992,1.93
1541-6933,2.28
1551-7144,1.49
1556-679X,0.0
1543-3080,1.67
1555-0265,2.5
1559-2723,2.21
1558-9447,1.35
1550-7033,0.64
1558-7673,2.23
1545-9683,3.11
1558-7878,1.44
1559-8276,1.68
1551-3815,0.57
1549-5418,0.0
1541-1389,0.17
1550-0594,1.62
1556-3707,0.25
1553-3840,1.15
1557-1858,2.67
1550-8943,0.0
1539-4492,1.25
1543-8627,1.47
1547-2442,2.86
1543-3633,0.59
1550-8579,0.0
1600-5368,0.0
1572-6657,3.89
1567-5769,5.12
1568-4946,5.73
1590-1874,1.84
1612-1872,2.56
1572-1000,1.65
1613-4125,3.12
1579-1726,1.03
1567-1348,2.28
1594-0667,4.9
1566-0702,2.26
1615-7591,4.28
1591-8890,4.58
1569-9048,1.44
1567-5394,3.64
1600-4469,4.66
1568-1637,15.06
1566-2543,5.33
1573-3882,3.14
1598-9992,1.01
1590-4261,5.03
1573-3149,2.0
1610-3653,27.36
1614-2942,2.1
1609-0985,2.17
1574-4647,0.0
1570-162X,0.84
1569-5794,1.51
1571-5744,0.8
1573-6105,3.87
1571-5124,1.92
1571-4675,0.0
1574-8928,1.53
1577-0354,0.0
1573-1782,1.28
1578-665X,5.51
1560-909X,0.13
1569-1861,1.31
1612-7617,1.0
1660-4601,2.89
1664-3224,4.81
1664-302X,4.74
1664-462X,4.71
1663-9812,4.35
1664-2295,2.63
1664-042X,3.41
1664-8021,2.53
1662-5161,3.04
1660-8151,1.49
1663-4365,4.16
1674-1137,2.33
1662-5153,3.08
1663-2818,2.49
1665-2681,1.26
1674-2001,3.35
1646-2890,0.13
1661-8556,3.01
1616-5047,1.4
1640-5544,2.7
1657-5830,0.0
1657-9267,0.38
1642-431X,2.11
1662-680X,0.5
1660-2129,0.0
1645-0086,0.59
1657-5997,0.68
1676-188X,0.15
1676-1871,0.11
1676-1030,0.27
1643-8876,0.78
1646-107X,0.0
1659-0104,0.25
1666-485X,0.06
1646-9895,0.35
1647-2160,0.09
1643-8698,0.0
1665-2436,0.34
1676-0727,0.04
1676-1669,0.07
1676-5680,0.11
1676-546X,0.28
1677-5538,2.74
1678-0345,0.12
1676-4285,0.21
1677-3861,0.15
1676-3041,0.14
1677-5449,0.64
1676-2584,0.09
1677-5090,0.09
1676-2592,0.2
1676-2444,0.0
1676-1901,0.39
1677-1303,0.16
1677-1028,0.05
1676-8329,0.57
1676-689X,1.0
1676-5435,0.15
1677-1168,0.0
1677-2334,0.17
1676-9732,0.28
1676-8019,0.09
1677-8510,0.12
1678-166X,0.15
1677-6097,0.13
1676-5443,0.05
1676-1995,0.35
1677-0471,0.0
1676-3939,0.49
1676-8868,0.44
1677-9061,0.0
1676-8485,0.41
1677-9770,0.1
1676-2649,0.0
1677-0234,0.09
1677-2970,0.0
1676-6806,0.0
1676-3793,0.1
1677-9762,0.11
1677-7298,0.17
1678-5878,2.62
1687-8132,2.66
1687-9627,0.53
1679-4974,0.25
1678-7757,2.36
1687-5443,1.35
1678-6343,0.18
1679-4508,0.75
1679-9275,0.52
1679-3749,0.05
1679-6225,1.53
1679-9283,0.4
1678-7544,0.75
1679-7817,1.02
1687-157X,2.6
1678-5428,0.13
1678-9180,2.02
1678-2410,0.3
1680-743X,1.18
1678-5622,0.09
1678-6602,0.0
1679-4435,0.41
1679-768X,0.1
1679-9291,0.29
1678-765X,0.68
1679-7930,0.0
1679-2009,0.09
1687-9589,1.21
1679-2300,0.5
1679-4605,0.01
1679-8171,5.47
1679-348X,0.01
1679-5679,0.1
1679-3404,0.03
1679-3390,0.0
1679-7388,0.0
1678-8346,0.06
1679-1983,0.24
1678-698X,0.0
1679-4311,0.0
1742-6588,0.45
1741-427X,1.4
1745-6215,2.01
1696-8352,0.17
1735-1472,3.61
1745-2473,10.67
1701-2163,0.86
1742-4801,1.98
1742-5662,3.69
1699-048X,2.34
1687-9686,2.04
1710-3568,1.24
1734-1140,3.45
1715-5312,2.52
1745-5863,2.1
1698-4447,1.83
1687-966X,1.87
1744-3121,0.98
1726-4634,0.95
1742-7967,0.32
1741-1645,0.35
1744-3881,2.76
1710-1484,2.76
1741-038X,8.44
1741-0541,1.1
1695-6141,0.87
1692-715X,4.19
1744-6961,0.6
1746-0689,1.2
1742-3953,0.88
1732-3991,1.04
1740-2522,0.0
1740-8822,0.39
1688-4094,0.59
1728-869X,2.95
1726-037X,0.0
1726-3255,0.28
1688-2873,0.0
1688-7026,0.42
1688-535X,0.0
1792-1074,1.93
1759-9660,2.46
1748-0221,1.29
1756-0500,1.6
1746-8094,4.45
1756-3305,3.57
1752-1947,0.95
1751-6161,3.74
1748-670X,0.0
1792-8036,2.25
1755-4535,2.1
1747-6585,1.26
1756-8919,2.91
1752-8054,4.11
1748-6041,3.87
1751-7907,6.09
1746-0913,2.64
1806-1117,0.41
1746-1596,3.49
1750-743X,2.06
1748-3107,1.52
1752-0363,1.84
1758-2229,2.85
1758-1869,1.19
1759-7269,2.5
1754-2731,4.47
1755-7682,0.0
1750-9378,2.53
1752-458X,2.64
1751-7575,3.97
1746-4358,2.92
1751-8423,1.12
1757-4749,4.45
1746-160X,3.1
1750-6166,3.58
1755-2540,0.52
1806-0013,0.0
1794-4724,0.2
1749-7728,3.71
1757-9597,1.38
1807-5932,1.62
1807-0302,2.06
1806-8324,1.75
1806-3713,0.98
1806-3845,0.04
1806-1222,0.19
1806-3365,0.13
1806-2636,0.34
1807-5053,0.31
1806-2563,0.54
1806-6356,0.09
1807-5509,0.06
1807-2194,0.03
1808-0448,0.0
1807-3859,0.02
1806-6755,0.22
1806-6976,0.14
1807-0221,0.07
1807-989X,0.03
1806-3993,0.04
1806-6720,0.96
1808-1355,0.03
1806-8405,0.58
1808-0251,0.0
1807-1821,0.08
1807-7307,0.18
1807-8338,0.14
1806-5104,0.36
1807-8214,0.02
1806-4906,0.11
1807-6971,0.02
1807-1325,0.14
1806-2695,0.1
1806-1362,0.13
1806-2490,0.0
1806-9495,0.0
1806-5627,0.09
1806-9652,0.08
1806-9509,0.0
1806-6062,0.0
1809-127X,0.42
1808-8686,1.22
1809-6107,1.67
1809-0583,0.11
1809-4864,1.08
1808-2793,0.29
1809-2950,0.19
1809-5909,0.42
1808-1851,0.12
1809-0044,0.15
1809-4031,0.44
1808-270X,0.19
1809-6077,0.12
1809-5208,0.42
1809-3876,0.29
1808-3781,0.13
1809-0249,0.26
1809-3957,0.16
1808-2386,0.67
1809-5844,0.07
1809-614X,0.17
1808-9569,0.22
1808-6136,0.08
1808-5385,0.02
1808-6578,0.08
1808-4524,0.72
1808-6195,0.13
1808-8023,0.4
1809-0761,0.15
1809-4635,0.02
1809-3760,0.16
1808-6020,0.0
1809-1636,0.48
1809-0257,0.44
1808-8058,0.15
1808-6764,0.19
1809-1768,0.0
1809-5747,0.0
1808-2653,0.05
1808-2327,0.0
1865-0929,0.54
1866-6280,3.51
1862-6300,1.57
1871-6784,1.33
1871-1413,1.72
1873-5061,0.64
1836-0939,1.34
1871-5206,1.8
1835-2693,0.52
1872-9312,1.16
1863-2653,2.39
1871-403X,1.27
1868-7075,4.79
1809-9475,0.28
1867-1306,3.9
1838-675X,1.63
1824-7490,0.91
1865-1550,1.51
1867-1616,1.35
1865-1372,1.88
1866-9956,5.88
1870-0462,0.41
1809-9823,0.57
1867-2477,2.03
1844-4172,0.86
1871-1502,2.24
1864-5909,3.39
1842-077X,0.15
1809-6271,0.11
1809-7286,0.14
1809-8215,0.27
1809-6867,0.0
1852-9488,0.25
1871-5230,2.14
1855-7171,0.4
1817-4221,0.18
1850-9959,0.7
1872-2148,0.0
1874-3579,0.0
1874-0790,0.0
1932-6203,2.73
1932-7447,3.33
1877-0428,0.0
1878-8750,1.91
1876-6102,0.0
1935-2727,3.37
1876-7605,2.33
1934-1482,0.61
1877-0657,1.47
1929-0748,1.28
1932-8486,1.79
1933-7191,2.75
1935-5130,4.7
1916-9752,0.35
1878-8181,4.73
1936-9751,2.22
1913-9020,0.58
1916-9736,0.43
1878-786X,0.01
1877-959X,2.41
1925-4040,0.29
1935-9772,2.9
1878-6146,2.44
1876-7583,2.29
1876-7931,1.59
1934-2659,0.9
1876-2883,1.89
1885-5709,0.31
1885-8643,0.64
1888-7546,0.18
1887-4606,0.14
1936-6582,2.7
1936-3761,1.75
1934-5259,0.31
1874-7876,1.13
1874-4346,1.64
1935-9756,1.62
1875-399X,1.3
1909-9711,0.84
1874-8384,0.0
1944-8244,7.44
1944-3986,7.37
1948-7185,4.22
1942-0900,0.97
1944-7442,1.87
1939-4551,2.85
1972-2680,1.44
1949-2448,0.49
1949-0976,14.1
1941-6628,1.84
1948-5182,2.12
1939-1234,3.08
1980-0118,0.17
1958-9212,0.15
1980-9735,0.09
1939-795X,1.04
1976-1457,1.72
1980-5764,1.73
1980-5799,0.09
1980-2552,0.0
1939-7038,4.87
1980-055X,0.46
1980-9026,0.0
1944-3277,0.0
1980-1726,0.21
1939-0211,3.06
1941-1243,0.91
1980-4016,0.04
1980-7694,0.09
1980-0584,0.1
1980-1165,0.16
1980-5128,0.1
1980-4466,0.08
1980-3540,0.0
1980-3141,0.3
1980-5586,0.34
1980-9700,0.06
1980-8879,0.06
1980-1793,0.0
1942-0986,0.0
1981-223X,0.16
1982-1263,0.23
1981-982X,0.77
1981-8963,0.66
1981-1179,0.16
1981-0695,0.0
1981-0997,2.0
1981-6278,0.36
1980-993X,0.7
1981-8203,0.42
1982-131X,0.28
1981-8068,0.09
1981-9951,0.21
1982-3053,0.01
1982-1921,0.03
1982-1956,0.26
1981-4526,0.01
1982-2596,0.25
1982-3932,0.0
1981-1322,0.26
1981-7061,0.25
1981-9269,0.01
1981-1659,0.68
1982-3916,0.07
1982-1247,0.64
1981-3686,0.17
1982-5153,0.1
1982-4238,0.0
1981-2434,0.05
1981-5921,0.07
1981-0601,0.0
1982-2103,0.04
1982-3878,0.05
1982-4866,0.06
1981-9145,0.14
1981-8858,0.0
1982-2111,0.02
1981-5603,0.0
1982-1867,0.0
1982-3282,0.2
1982-5587,0.21
1983-5175,0.2
1983-8034,0.17
1983-8018,0.04
1982-7199,0.22
1983-6597,0.2
1983-9391,0.07
1983-4195,0.58
1983-1870,0.11
1983-0408,0.42
1982-7679,3.05
1983-4675,0.12
1982-8470,0.48
1983-4535,0.29
1983-0572,0.43
1983-1579,0.16
1983-3695,0.69
1983-3652,1.19
1982-873X,0.2
1983-7011,0.15
1983-0246,0.19
1982-5374,0.08
1983-9472,0.08
1982-8632,0.18
1983-4713,0.19
1982-7652,0.15
1983-3482,0.0
1982-6273,0.0
1982-7490,0.0
1983-4373,0.0
1983-3873,0.02
1983-053X,0.0
1982-8608,0.02
1983-5590,0.11
1983-0823,0.0
1983-442X,0.0
1983-6422,0.09
1982-792X,0.0
1983-3253,0.0
1983-6791,0.05
1996-1073,4.16
1996-1944,3.87
1988-7833,0.12
1989-4155,0.21
1988-5245,0.1
1996-0875,52.27
1984-2295,0.42
1989-5488,1.19
1984-6835,0.09
1984-8250,0.73
1988-5202,2.04
1984-3011,0.13
1984-5510,0.1
1984-2279,0.0
1983-9928,0.14
1984-4247,0.03
1984-428X,0.23
1984-9648,0.81
1984-0292,0.18
1984-4301,0.07
1984-3755,0.07
1984-7246,0.11
1984-6436,0.05
1989-6239,0.35
1984-6487,0.14
1984-6428,0.72
1984-6657,0.12
1991-7740,0.51
1984-3801,31.0
1984-817X,0.0
1984-879X,0.0
1984-3178,0.09
1984-1655,0.09
1984-9915,0.13
1984-252X,0.0
1984-1736,0.0
1984-3534,0.0
1984-4891,0.02
1984-7505,0.24
1984-8625,0.0
2045-2322,4.39
2041-1723,15.51
2046-2069,6.25
2044-6055,2.16
1999-4915,3.79
1999-4907,3.09
2045-7758,2.2
2053-1591,2.58
1999-4923,6.38
2049-0801,1.52
2054-5703,3.46
2042-8812,0.55
2050-7283,3.61
2048-8505,3.41
2050-7038,2.82
2053-3624,2.15
2050-2974,3.23
2052-1847,2.67
2046-2441,3.77
2047-7473,1.09
2055-0928,2.52
2039-439X,3.16
2043-0116,0.0
2048-6790,1.87
2036-7473,2.55
2054-3581,1.53
2047-7724,2.52
2050-0513,3.21
2056-9920,2.8
2011-2173,0.59
2039-4705,5.11
2055-2173,1.03
2008-000X,3.29
2027-4297,0.34
2036-9913,0.24
2056-5909,3.99
2036-7457,0.77
2011-8643,0.0
2053-8871,0.0
2049-9752,0.0
2071-1050,4.72
2076-3417,3.29
2077-0383,3.16
2072-6643,5.32
2072-6694,4.45
2076-2615,2.8
2079-4991,5.43
2073-4395,4.19
2075-4418,3.35
2076-2607,4.25
2073-4425,2.94
2072-666X,3.52
2077-0472,4.1
2076-3921,7.62
2073-4344,4.32
2076-393X,3.72
2079-6382,5.18
2079-4983,4.86
2079-7737,3.08
2076-0817,3.51
2072-6651,3.76
2075-4426,4.16
2076-328X,3.23
2075-1702,2.96
2079-6374,5.98
2075-4442,3.54
2075-4663,2.85
2079-9721,3.31
2057-5858,3.14
2075-4434,2.32
2090-0708,2.27
2090-0724,3.24
2075-6461,0.15
2077-9917,0.87
2084-8404,0.97
2070-2620,0.93
2090-1240,1.14
2090-0007,0.68
2075-8693,0.0
2058-3702,0.0
2158-3226,2.17
2162-2337,3.6
2152-7806,0.89
2090-9063,2.8
2151-4755,0.94
2150-1351,0.78
2157-944X,0.52
2090-6684,0.21
2155-9597,0.0
2090-6625,0.24
2153-2249,0.79
2162-5336,0.48
2156-8251,1.36
2093-3665,1.03
2095-4964,3.62
2162-1918,4.65
2096-5451,2.14
2161-783X,3.08
2146-8966,0.32
2145-5880,0.04
2157-7099,0.0
2161-3311,6.76
2161-623X,2.57
2151-1950,0.83
2090-214X,1.2
2153-7658,0.7
2148-9955,1.75
2090-6641,0.34
2147-7612,0.39
2090-2247,1.91
2160-5831,0.47
2159-5828,0.0
2149-9322,0.82
2145-4981,0.16
2164-0629,2.35
2090-2867,4.67
2164-2540,0.0
2090-5661,0.0
2090-4436,0.0
2090-5122,0.0
2168-8184,1.0
2169-3536,5.23
2167-8359,2.88
2168-0485,6.55
2169-7574,1.01
2169-8287,0.0
2168-6777,2.91
2166-2746,1.81
2172-038X,0.27
2174-2049,0.0
2175-3946,0.19
2175-6600,0.11
2176-5472,0.0
2175-7275,0.21
2165-3402,0.5
2176-9079,0.35
2176-4573,0.33
2176-1515,0.28
2175-3369,0.54
2175-2834,1.61
2175-3180,0.0
2176-9036,0.16
2176-2708,0.01
2175-7429,0.11
2176-171X,0.13
2175-1609,0.1
2176-1477,0.16
2169-5717,0.6
2176-6649,0.13
2176-2171,0.24
2175-0858,0.62
2176-5782,0.03
2175-5027,0.55
2176-9559,0.16
2176-7955,0.25
2175-6805,0.0
2175-6015,0.94
2174-7210,0.33
2173-1276,0.11
2175-4217,0.0
2178-2091,0.19
2178-6925,0.65
2178-9010,0.46
2177-2789,0.15
2178-7514,0.13
2177-4285,0.33
2177-157X,0.2
2177-6164,0.0
2177-5184,0.7
2177-7691,0.04
2178-7468,0.15
2178-695X,0.14
2177-8310,0.44
2178-5198,0.18
2178-227X,0.59
2178-180X,0.0
2178-843X,0.0
2177-093X,0.21
2178-5880,0.0
2177-6202,0.03
2177-2770,0.0
2177-6172,0.0
2178-1842,0.13
2177-3548,0.03
2178-7638,0.12
2177-4919,0.04
2178-3845,0.05
2178-1176,0.05
2178-2911,0.09
2178-9770,0.02
2178-6054,0.0
2177-6830,0.0
2177-4218,0.0
2178-0463,0.19
2179-1465,0.06
2179-2518,0.0
2179-2321,0.0
2178-258X,0.0
2179-1902,0.0
2178-4957,0.0
2194-5357,0.66
2190-3018,0.31
2212-4403,0.43
2191-4281,3.25
2190-5444,2.75
2211-0984,0.35
2193-6331,0.07
2212-4292,5.23
2190-6815,5.01
2211-0348,2.14
2211-9264,4.2
2192-5682,2.04
2210-7789,0.77
2211-8160,6.37
2211-7156,4.61
2211-3355,2.33
2190-5509,2.15
2190-4286,3.39
2191-1630,3.86
2212-1099,0.57
2190-5991,5.96
2191-0855,3.5
2191-1363,2.38
2193-6315,0.86
2195-3880,1.37
2179-426X,0.06
2179-7692,0.43
2184-7770,0.41
2179-6750,0.04
2210-4410,3.89
2179-2534,0.02
2183-6051,0.43
2179-8435,0.06
2179-4510,0.04
2179-4200,0.31
2179-5746,0.0
2179-7501,0.14
2179-5320,0.0
2179-6742,0.0
2184-982X,0.0
2234-943X,2.35
2213-2929,5.41
2223-7747,4.23
2227-9717,3.1
2214-0697,6.72
2227-9059,4.29
2227-9032,3.0
2212-8271,1.68
2218-273X,5.39
2235-2988,4.09
2214-7144,6.63
2227-9067,2.34
2218-1989,3.7
2218-1997,2.28
2224-5820,2.48
2227-9040,4.59
2212-8778,5.96
2212-6864,6.98
2224-4336,1.32
2218-6581,3.37
2231-0894,0.4
2214-4269,1.21
2218-4333,1.9
2230-9926,0.08
2215-017X,6.4
2213-7114,0.67
2236-1170,0.09
2236-1960,1.07
2236-2983,0.17
2236-2878,0.24
2216-0973,1.12
2216-0159,0.26
2231-1866,1.19
2214-854X,1.18
2236-1987,0.48
2218-7332,0.48
2236-3637,0.16
2236-1367,0.34
2236-1103,0.0
2212-8263,0.0
2237-9363,0.03
2236-6814,0.05
2236-5834,0.15
2238-2704,0.18
2238-6270,0.02
2238-6084,0.03
2238-3360,0.13
2236-6091,0.15
2236-918X,0.31
2237-4558,0.14
2236-5184,0.0
2236-532X,0.1
2237-6321,0.09
2236-3785,0.0
2237-1508,0.11
2236-3904,0.3
2237-3667,0.17
2237-5864,0.13
2237-1427,1.45
2238-0205,0.0
2238-1031,0.0
2236-9600,0.08
2237-4450,0.14
2238-0345,0.11
2236-6407,0.27
2237-6984,0.04
2237-4957,0.03
2237-1095,0.14
2238-0000,0.11
2237-261X,0.24
2238-6009,0.0
2237-4329,0.06
2237-6151,0.02
2236-7268,0.0
2238-4502,0.0
2237-4574,0.03
2236-885X,0.0
2237-9436,0.57
2237-6917,0.0
2238-4251,0.0
2261-236X,0.73
2296-2565,3.09
2304-8158,5.76
2297-055X,2.14
2296-2360,1.61
2305-5839,5.46
2287-8572,2.07
2311-7524,3.22
2296-875X,1.35
2309-608X,3.68
2296-889X,3.6
2306-7381,1.75
2255-4971,0.0
2247-8051,0.56
2311-5637,4.43
2311-5521,2.29
2308-3425,2.1
2254-7630,0.11
2278-3008,23.89
2291-2789,1.31
2238-8753,0.38
2288-5919,1.82
2288-176X,1.49
2238-8869,0.31
2238-7234,0.38
2238-913X,0.21
2255-5536,0.0
2238-8346,0.18
2238-8079,0.14
2284-0265,0.82
2255-5021,0.0
2255-4823,0.0
2238-832X,0.13
2238-9709,0.0
2238-717X,0.12
2302-1616,0.1
2248-4418,0.21
2238-8893,0.08
2255-4963,0.0
2238-9636,0.17
2314-6133,0.96
2317-3009,0.12
2314-7156,2.65
2313-7673,3.94
2317-1782,0.4
2317-4692,0.78
2316-9907,0.67
2316-9281,0.43
2317-434X,0.13
2317-3076,0.29
2317-269X,0.07
2317-1537,1.11
2316-333X,0.05
2316-8498,0.29
2316-9230,0.24
2317-3394,0.34
2317-2932,0.04
2317-1154,0.28
2317-0956,0.02
2317-8582,0.08
2316-347X,0.09
2317-8507,0.44
2313-8971,0.38
2317-9430,0.06
2316-9834,0.89
2317-4609,0.29
2316-8544,0.03
2317-563X,0.11
2317-3688,0.0
2316-7580,0.0
2317-8825,0.19
2316-9451,0.0
2317-7136,0.0
2316-1442,0.21
2317-0751,0.0
2316-8765,0.88
2317-3092,0.13
2317-028X,0.1
2314-5706,0.0
2317-6628,0.25
2319-7692,4.1
2318-3349,0.0
2327-6983,1.28
2350-0530,0.2
2318-7670,0.43
2319-0612,0.21
2318-8472,0.05
2318-8219,0.1
2325-7075,0.08
2325-1026,3.71
2325-9574,1.3
2327-7033,1.88
2318-8413,0.11
2318-6674,0.67
2318-8790,0.14
2318-4965,0.37
2318-5090,0.1
2332-8940,3.29
2325-0984,1.7
2323-5233,0.29
2347-520X,0.09
2318-8960,0.06
2346-3775,0.71
2318-0811,0.11
2318-8855,0.0
2318-9584,0.19
2325-4394,1.36
2318-9851,0.16
2318-5694,0.48
2344-9195,0.04
2318-8111,0.0
2318-6186,0.0
2328-2223,0.0
2322-9411,0.0
2318-4051,0.09
2318-9568,0.0
2329-3268,0.63
2330-0396,2.2
2332-2799,0.0
2333-6706,5.4
2352-152X,9.37
2352-4928,4.03
2352-3409,2.28
2351-9789,0.0
2358-2472,0.14
2359-0793,0.04
2352-9385,2.76
2358-8306,0.04
2352-507X,8.05
2352-2143,3.07
2358-8853,0.11
2358-7490,0.17
2359-1412,0.03
2358-0844,0.16
2358-5587,0.14
2358-6303,0.38
2357-9730,0.0
2359-0424,0.11
2359-0769,0.31
2358-1883,1.32
2357-8181,0.28
2358-0828,0.0
2359-0106,0.22
2359-0580,0.0
2358-8845,0.12
2358-6125,0.05
2358-2391,0.37
2358-5390,0.33
2357-9617,0.31
2358-7504,0.07
2359-1064,0.0
2358-2499,0.1
2357-724X,0.15
2358-4122,0.04
2358-2286,0.11
2358-4610,0.05
2358-3568,0.0
2358-3401,0.17
2358-0089,0.0
2358-1271,0.0
2367-3370,0.49
2405-8440,7.69
2366-2557,0.31
2399-5300,0.17
2365-6549,2.1
2399-3642,5.47
2405-4577,0.84
2375-1916,0.39
2373-8227,4.09
2374-4235,2.54
2399-3669,5.14
2369-2960,4.2
2359-3997,1.61
2359-5787,0.13
2373-6437,0.28
2359-6856,0.2
2374-6939,0.23
2359-4330,0.27
2373-6410,0.1
2405-6030,0.65
2359-6910,0.01
2373-437X,0.47
2365-421X,3.71
2363-8907,2.11
2369-2529,2.05
2359-4799,0.19
2359-3466,0.09
2359-6902,0.1
2359-2087,0.0
2399-3421,1.45
2359-2370,0.0
2359-4489,0.36
2382-4018,0.39
2359-6082,0.34
2359-3482,0.0
2367-1890,0.8
2395-4205,0.41
2359-4748,0.12
2359-2710,0.0
2410-4701,1.05
2448-0959,0.05
2447-0961,0.15
2411-2933,0.06
2414-6366,2.86
2448-0916,0.06
2411-5142,2.07
2451-9103,4.93
2447-2034,0.32
2446-6220,0.0
2452-2198,3.13
2446-4813,0.32
2447-8938,0.08
2446-922X,0.22
2447-536X,0.92
2447-5580,0.18
2446-4732,1.44
2448-2455,0.3
2448-167X,0.52
2447-0783,0.2
2447-2689,0.82
2414-6641,0.38
2446-9424,0.97
2447-3529,0.5
2447-1267,0.04
2447-617X,0.04
2448-6302,0.03
2446-4821,4.0
2411-1783,0.09
2447-6293,0.0
2446-7901,0.36
2447-7117,0.0
2447-8156,0.16
2448-2803,0.0
2447-6099,0.17
2447-3944,0.0
2447-4606,0.03
2448-4245,0.0
2447-6447,0.19
2448-2978,0.0
2447-4924,0.0
2469-9950,3.51
2470-0010,5.15
2470-1343,4.15
2525-3409,0.31
2469-9926,2.63
2470-0045,2.34
2472-1972,0.45
2468-0230,3.78
2475-9953,2.71
2456-1908,0.34
2523-3920,2.81
2523-8973,0.29
2509-2715,4.63
2516-8290,1.53
2516-3507,1.03
2522-5731,3.73
2471-5638,1.5
2525-4863,0.12
2454-6348,0.07
2525-426X,0.03
2522-5790,0.58
2509-5579,0.48
2523-3106,2.71
2475-0360,2.7
2524-8987,4.8
2516-2330,0.0
2525-507X,0.33
2469-5718,0.0
2525-5444,0.12
2525-703X,0.06
2504-3137,1.15
2515-2270,3.41
2525-376X,0.12
2520-8454,1.03
2525-7056,0.19
2525-6092,0.08
2525-3050,0.0
2452-5812,0.22
2525-4472,0.0
2474-9214,0.74
2525-8761,0.43
2531-1379,0.09
2572-9241,2.85
2526-8732,0.02
2525-8311,0.02
2525-7870,0.18
2564-7040,0.6
2526-8910,0.45
2525-9008,0.0
2525-8036,0.04
2527-2675,0.09
2573-9832,1.66
2525-8923,0.11
2526-1010,0.26
2573-8488,1.61
2571-8797,4.89
2526-3544,0.05
2548-0839,1.94
2573-2919,0.39
2526-849X,0.07
2527-0524,0.0
2526-7647,0.11
2525-815X,0.29
2526-6136,0.28
2527-0141,0.07
2526-2874,0.24
2527-1849,0.12
2526-5970,0.07
2527-1288,0.1
2525-9563,0.02
2526-3943,0.07
2527-2039,0.11
2526-9550,0.22
2526-8007,0.27
2526-2122,0.05
2527-0915,0.0
2526-4052,0.05
2526-7914,0.0
2526-9461,0.08
2573-363X,1.5
2589-0042,4.22
2574-0970,5.89
2574-0962,4.91
2576-098X,0.69
2595-573X,0.14
2589-014X,2.92
2589-1529,2.75
2595-1661,0.2
2594-5394,0.07
2595-3621,0.2
2575-7938,0.58
2595-0118,0.32
2595-4520,0.04
2578-5478,1.15
2587-0831,1.63
2595-2803,0.04
2574-1225,0.59
2576-4454,1.73
2574-8130,0.14
2586-7210,1.57
2595-4431,0.03
2594-6463,0.33
2594-9179,0.03
2595-0967,0.08
2595-4911,0.09
2594-3901,0.08
2589-9791,1.57
2594-5467,0.08
2595-1459,0.0
2594-6307,0.0
2594-6412,0.03
2578-7470,1.77
2577-4301,0.17
2595-1521,0.0
2595-1033,0.03
2595-4229,0.0
2591-5339,0.0
2577-2236,0.24
2594-7354,0.0
2590-1532,0.0
2595-6825,0.18
2631-8695,1.46
2624-9367,2.13
2667-2421,2.7
2644-125X,5.07
2665-9271,6.57
2596-1969,0.0
2624-7402,3.12
2673-3161,2.18
2595-8402,0.17
2644-1314,4.12
2666-8319,6.12
2595-7899,0.12
2666-5174,3.87
2639-216X,0.4
2666-142X,3.91
2673-3129,3.87
2624-5175,2.37
2666-3376,2.46
2666-335X,0.93
2644-1241,2.77
2613-4942,0.0
2617-4839,0.07
2631-5343,1.54
2634-2235,1.08
2666-9781,5.23
2640-2734,0.24
2634-4793,0.65
2596-0016,0.11
2666-5069,2.03
2667-3436,1.57
2659-8620,0.19
2596-156X,0.0
2596-3082,0.32
2596-3155,0.06
2630-4953,3.67
2640-2645,0.56
2595-7651,0.1
2643-4008,0.2
2596-1403,0.18
2675-3375,0.16
2674-8169,0.29
2675-6218,0.2
2675-4711,0.07
2675-7451,0.08
2674-9432,0.12
2673-7647,2.11
2674-8703,0.13
2675-519X,0.23
2673-7515,2.49
2674-5976,0.13
2673-5318,1.43
2675-4916,0.22
2674-7081,0.08
2675-8008,0.16
2675-2999,0.13
2674-9009,0.04
2673-4125,1.57
2674-7189,0.15
2674-9270,0.08
2673-4184,1.21
2673-5601,2.1
2675-3626,0.22
2674-1334,5.51
2675-3065,0.0
2674-1024,2.78
2673-3846,1.88
2675-4673,0.01
2675-7222,0.0
2675-9616,0.12
2675-1003,0.0
2675-1933,0.0
2675-1526,0.19
2673-706X,3.18
2675-3359,0.06
2675-4398,0.03
2674-0710,1.4
2674-709X,0.0
2675-3006,0.05
2675-4177,0.0
2764-0159,0.05
2772-9508,4.7
2764-1317,0.11
2766-2276,0.41
2772-3747,1.93
2763-9134,0.06
2764-1589,0.27
2763-583X,0.04
2763-5724,0.22
2724-5683,2.04
2764-0884,0.11
2764-0973,0.03
2675-9780,0.74
2724-606X,1.16
2731-4561,0.59
2694-2461,4.51
2764-3417,0.86
2710-1452,0.42
2694-2445,3.21
2724-6329,1.44
2702-4288,1.74
2763-8898,0.09
2763-8405,0.16
2731-5533,2.4
2768-6655,2.21
2763-6119,0.14
2676-0029,0.31
2764-0337,0.02
2763-7824,0.28
2683-7404,0.04
2764-6645,0.0
2763-8030,0.24
2763-5783,0.03
2771-4683,2.87
2764-5576,0.09
2764-1422,0.1
2694-1724,0.27
2763-9010,0.0
2766-0664,0.05
2692-4706,0.2
2965-1476,0.01
2949-8228,2.55
2965-6613,0.08
3005-0774,0.92
2965-6672,0.01
2966-2931,0.1
2949-8244,2.77
2966-1668,0.11
3065-8993,0.58
2950-1946,4.17
2950-1997,1.31
2949-8295,3.63
2966-2249,0.06
2965-1980,0.02
2965-0968,0.17
2831-3267,0.92
2828-9269,0.23
2813-0413,1.8
3085-6124,0.14
2965-1557,0.14
2773-093X,1.46
2832-8280,1.23
3033-3318,1.07
2832-4463,0.29
2788-6492,0.17
2833-2237,0.45
2941-198X,7.77
3029-133X,3.65
2965-0356,0.01
2813-3064,1.23
2965-1662,0.09
3064-9765,0.65
2977-3504,1.78
3029-1232,0.82
2965-0771,0.03
2966-0408,0.19
2996-0975,0.28
2966-3806,0.03
2815-9241,3.29
3071-2521,0.0
